<?xml version="1.0" encoding="UTF-8" standalone="yes"?>
<Properties xmlns="http://schemas.openxmlformats.org/officeDocument/2006/extended-properties" xmlns:vt="http://schemas.openxmlformats.org/officeDocument/2006/docPropsVTypes"><Application>Microsoft Excel</Application><DocSecurity>0</DocSecurity><ScaleCrop>false</ScaleCrop><HeadingPairs><vt:vector size="4" baseType="variant"><vt:variant><vt:lpstr>Листы</vt:lpstr></vt:variant><vt:variant><vt:i4>4</vt:i4></vt:variant><vt:variant><vt:lpstr>Макросы Excel 4.0</vt:lpstr></vt:variant><vt:variant><vt:i4>1</vt:i4></vt:variant></vt:vector></HeadingPairs><TitlesOfParts><vt:vector size="5" baseType="lpstr"><vt:lpstr>Sheet</vt:lpstr><vt:lpstr>Sbbbbe1</vt:lpstr><vt:lpstr>Sbbbe2</vt:lpstr><vt:lpstr>Sbbe3</vt:lpstr><vt:lpstr>FGGG</vt:lpstr></vt:vector></TitlesOfParts><Company></Company><LinksUpToDate>false</LinksUpToDate><SharedDoc>false</SharedDoc><HyperlinksChanged>false</HyperlinksChanged><AppVersion>16.0300</AppVersion></Properties>